File,Broken URL,Status
./README.md,#wan-21-training,404
./README.md,#flux-training,404
./README.md,#stable-diffusion-xl-training,404
./README.md,#stable-diffusion-2-base-training,404
./README.md,#stable-diffusion-14-training,404
./README.md,#dreambooth,404
./README.md,#wan21,404
./README.md,#ltx-video,404
./README.md,#flux,404
./README.md,#fused-attention-for-gpu,404
./README.md,#stable-diffusion-xl,404
./README.md,#stable-diffusion-2-base,404
./README.md,#stable-diffusion-21,404
./README.md,#hyper-sdxl-lora,404
./README.md,#load-multiple-lora,404
./README.md,#sdxl-lightning,404
./README.md,#controlnet,404
./README.md,https://github.com/google/maxtext/actions/workflows/UnitTests.yml/badge.svg,404
./src/maxdiffusion/configs/README.md,https://huggingface.co/stabilityai/stable-diffusion-2-1,401
./src/maxdiffusion/configs/README.md,https://huggingface.co/stabilityai/stable-diffusion-2-base,401
./src/maxdiffusion/utils/model_card_template.md,https://huggingface.co/%7B%7B,404
./docs/dgx_spark.md,https://huggingface.co/settings/tokens,403
./docs/train_README.md,CompVis/stable-diffusion-v1-4,400
./docs/train_README.md,https://huggingface.co/stabilityai/stable-diffusion-2-base,401
./docs/train_README.md,https://huggingface.co/stabilityai/stable-diffusion-2-1,401
./docs/train_README.md,https://github.com/google/maxdiffusion/blob/main/src/maxdiffusion/configs/base_xl_lightning.yml,0
./docs/train_README.md,https://huggingface.co/runwayml/stable-diffusion-v1-5,401
./docs/train_README.md,https://github.com/google/maxdiffusion/blob/main/src/maxdiffusion/configs/base14.yml#L74,0
./docs/data_README.md,https://github.com/AI-Hypercomputer/maxtext/blob/main/getting_started/Data_Input_Pipeline.md#grain-pipeline---for-determinism,404
